id,first_name,last_name,email,gender,ip_address
1,Shirley,Smith,ssmith0@reference.com,Female,48.249.153.155
2,Dorothy,Ruiz,druiz1@ucoz.com,Female,243.220.248.242
3,Ernest,Banks,ebanks2@wiley.com,Male,3.21.146.223
4,Karen,Ferguson,kferguson3@cloudflare.com,Female,94.211.236.191
5,Teresa,Barnes,tbarnes4@seattletimes.com,Female,228.223.190.206
6,Kathleen,Greene,kgreene5@pen.io,Female,237.177.145.200
7,Charles,Chavez,cchavez6@nymag.com,Male,58.77.222.56
8,Paula,Lynch,plynch7@symantec.com,Female,151.160.35.75
9,Thomas,Ray,tray8@businessinsider.com,Male,20.2.40.35
10,Stephanie,Morgan,smorgan9@51.la,Female,0.191.16.29
11,Ruth,Crawford,rcrawforda@typepad.com,Female,77.93.164.24
12,Billy,Bailey,bbaileyb@elegantthemes.com,Male,31.191.244.60
13,Jane,Warren,jwarrenc@tuttocitta.it,Female,185.98.113.221
14,Wayne,Gonzalez,wgonzalezd@pbs.org,Male,41.53.112.69
15,Paula,Dean,pdeane@chronoengine.com,Female,190.174.151.96
16,Henry,Kim,hkimf@fda.gov,Male,75.218.150.103
17,Jesse,Matthews,jmatthewsg@stanford.edu,Male,1.252.88.225
18,Lois,Lawson,llawsonh@berkeley.edu,Female,169.227.91.123
19,Larry,Day,ldayi@nytimes.com,Male,223.42.155.22
20,Roy,Kelley,rkelleyj@ibm.com,Male,220.88.192.63
21,Martin,Jacobs,mjacobsk@usda.gov,Male,13.242.90.250
22,Ann,Kelley,akelleyl@domainmarket.com,Female,121.46.102.240
23,Heather,Gardner,hgardnerm@cbc.ca,Female,203.214.224.218
24,Katherine,Harper,kharpern@ed.gov,Female,241.178.46.89
25,Alan,Thomas,athomaso@uiuc.edu,Male,195.196.52.4
26,Cynthia,Hughes,chughesp@51.la,Female,23.212.198.195
27,Kelly,Perry,kperryq@twitter.com,Female,80.57.25.167
28,Mary,Morgan,mmorganr@indiatimes.com,Female,175.30.205.150
29,Anthony,Riley,arileys@cnn.com,Male,165.107.201.203
30,Ashley,Russell,arussellt@123-reg.co.uk,Female,224.29.219.162
31,Louis,Murphy,lmurphyu@shop-pro.jp,Male,155.232.6.176
32,Brandon,Williams,bwilliamsv@indiatimes.com,Male,51.232.69.87
33,Marilyn,Rogers,mrogersw@hugedomains.com,Female,175.25.104.141
34,Katherine,Schmidt,kschmidtx@lulu.com,Female,166.199.243.153
35,Stephen,Perkins,sperkinsy@ezinearticles.com,Male,252.216.248.7
36,Billy,Berry,bberryz@a8.net,Male,129.149.43.131
37,Brenda,Reed,breed10@utexas.edu,Female,192.245.158.141
38,Ryan,Ramos,rramos11@deviantart.com,Male,223.112.97.158
39,Christopher,Henry,chenry12@ustream.tv,Male,187.140.208.127
40,Ashley,Little,alittle13@wunderground.com,Female,161.133.58.24
41,Larry,George,lgeorge14@berkeley.edu,Male,219.85.161.147
42,Amy,Snyder,asnyder15@wikia.com,Female,72.46.167.60
43,Julia,Tucker,jtucker16@msu.edu,Female,16.20.22.177
44,Donna,Torres,dtorres17@w3.org,Female,172.76.31.246
45,Joan,Parker,jparker18@google.cn,Female,163.146.14.214
46,Eugene,Sanchez,esanchez19@drupal.org,Male,95.48.103.23
47,Justin,Bishop,jbishop1a@netscape.com,Male,135.139.29.62
48,Cynthia,Spencer,cspencer1b@joomla.org,Female,45.125.87.5
49,Anna,Ramos,aramos1c@utexas.edu,Female,107.154.209.61
50,Joyce,Shaw,jshaw1d@devhub.com,Female,74.116.189.91
51,Helen,Wheeler,hwheeler1e@jalbum.net,Female,246.107.180.32
52,Raymond,Burke,rburke1f@elpais.com,Male,230.15.19.80
53,Lillian,Watkins,lwatkins1g@theglobeandmail.com,Female,213.43.42.174
54,Melissa,Perez,mperez1h@baidu.com,Female,15.29.222.138
55,Frank,Price,fprice1i@engadget.com,Male,78.192.144.109
56,Judy,Weaver,jweaver1j@senate.gov,Female,71.12.91.105
57,Paul,Mitchell,pmitchell1k@edublogs.org,Male,62.213.19.208
58,Jessica,Castillo,jcastillo1l@cmu.edu,Female,185.72.169.30
59,Roy,Barnes,rbarnes1m@indiatimes.com,Male,26.97.225.205
60,Louise,Ramos,lramos1n@canalblog.com,Female,250.79.24.49
61,Randy,Dixon,rdixon1o@latimes.com,Male,254.148.124.239
62,Scott,Austin,saustin1p@rediff.com,Male,208.132.122.240
63,Julia,Butler,jbutler1q@clickbank.net,Female,151.95.151.90
64,Daniel,Gutierrez,dgutierrez1r@virginia.edu,Male,8.215.198.103
65,Ruby,Reyes,rreyes1s@about.com,Female,227.207.117.211
66,Cynthia,Kelley,ckelley1t@weather.com,Female,24.233.71.76
67,Phyllis,Chavez,pchavez1u@jalbum.net,Female,58.52.143.19
68,Louise,Little,llittle1v@webs.com,Female,34.210.226.198
69,Eric,Mccoy,emccoy1w@salon.com,Male,101.91.41.236
70,Edward,Gonzalez,egonzalez1x@usnews.com,Male,151.138.112.32
71,Timothy,Alexander,talexander1y@yelp.com,Male,31.0.29.247
72,Heather,Elliott,helliott1z@webs.com,Female,224.76.188.1
73,Alice,Cole,acole20@wix.com,Female,54.47.174.185
74,Brian,Johnston,bjohnston21@hugedomains.com,Male,183.92.209.159
75,Rose,Wood,rwood22@slashdot.org,Female,52.30.56.102
76,Michelle,Rogers,mrogers23@mail.ru,Female,53.212.0.153
77,Frances,Rogers,frogers24@1und1.de,Female,70.12.98.16
78,Maria,Gordon,mgordon25@deliciousdays.com,Female,2.9.140.131
79,Susan,Jacobs,sjacobs26@nydailynews.com,Female,162.4.80.250
80,Philip,Little,plittle27@stumbleupon.com,Male,238.181.150.130
81,Annie,Gutierrez,agutierrez28@hud.gov,Female,182.11.229.148
82,Nicole,Rose,nrose29@cmu.edu,Female,135.5.239.72
83,Angela,Collins,acollins2a@gravatar.com,Female,65.181.23.170
84,Jimmy,Allen,jallen2b@homestead.com,Male,216.228.244.175
85,Jose,Hart,jhart2c@indiatimes.com,Male,57.116.195.232
86,Charles,Morales,cmorales2d@wired.com,Male,111.90.212.239
87,Eugene,Dixon,edixon2e@oaic.gov.au,Male,47.211.51.49
88,Karen,Parker,kparker2f@blogspot.com,Female,237.110.191.110
89,James,Woods,jwoods2g@ebay.co.uk,Male,196.127.200.8
90,Henry,Schmidt,hschmidt2h@geocities.com,Male,194.8.167.40
91,Mark,Harris,mharris2i@wufoo.com,Male,131.0.5.17
92,Randy,Henry,rhenry2j@naver.com,Male,176.192.109.190
93,Heather,Stephens,hstephens2k@mit.edu,Female,220.141.20.252
94,Louis,Bishop,lbishop2l@cargocollective.com,Male,9.104.156.166
95,Jimmy,Ward,jward2m@technorati.com,Male,70.37.102.202
96,Christine,Rose,crose2n@apple.com,Female,190.202.166.182
97,Patricia,Vasquez,pvasquez2o@nhs.uk,Female,64.209.57.66
98,Amanda,Cunningham,acunningham2p@elpais.com,Female,251.117.149.33
99,Brian,Jones,bjones2q@msu.edu,Male,43.169.74.144
100,Joan,Price,jprice2r@nbcnews.com,Female,69.188.219.103
101,Victor,Fuller,vfuller2s@loc.gov,Male,158.169.131.197
102,Frank,Bradley,fbradley2t@archive.org,Male,191.206.76.35
103,Steven,Bailey,sbailey2u@phpbb.com,Male,151.50.183.139
104,Robin,Gilbert,rgilbert2v@gnu.org,Female,163.63.147.91
105,Ruth,Hill,rhill2w@rakuten.co.jp,Female,252.128.199.217
106,Christina,Alexander,calexander2x@cmu.edu,Female,192.139.202.165
107,Lois,Woods,lwoods2y@jimdo.com,Female,54.105.252.19
108,Willie,Warren,wwarren2z@example.com,Male,160.0.100.94
109,Marie,Armstrong,marmstrong30@dailymotion.com,Female,177.159.127.125
110,Maria,Simmons,msimmons31@constantcontact.com,Female,189.16.106.22
111,Richard,Bowman,rbowman32@mozilla.com,Male,214.203.202.173
112,Anne,Richardson,arichardson33@comcast.net,Female,118.234.13.231
113,Joan,Morgan,jmorgan34@telegraph.co.uk,Female,107.1.235.37
114,Anna,Clark,aclark35@ucla.edu,Female,80.202.235.67
115,Eric,Pierce,epierce36@simplemachines.org,Male,223.241.73.160
116,Harry,Turner,hturner37@newyorker.com,Male,254.124.20.91
117,Patrick,Scott,pscott38@blogtalkradio.com,Male,38.61.50.60
118,Johnny,Morgan,jmorgan39@ezinearticles.com,Male,176.183.1.161
119,Lawrence,Allen,lallen3a@yolasite.com,Male,155.22.163.151
120,Kevin,Alvarez,kalvarez3b@sciencedirect.com,Male,228.112.0.122
121,Jane,Nelson,jnelson3c@washingtonpost.com,Female,123.61.237.54
122,Stephanie,Perry,sperry3d@addthis.com,Female,54.191.214.173
123,Eric,Spencer,espencer3e@addthis.com,Male,228.192.223.153
124,Bobby,Wood,bwood3f@wunderground.com,Male,111.61.98.40
125,Ronald,Carter,rcarter3g@java.com,Male,95.20.214.25
126,Randy,Ellis,rellis3h@istockphoto.com,Male,53.235.37.178
127,Fred,Moreno,fmoreno3i@sina.com.cn,Male,250.222.236.250
128,Lillian,Ellis,lellis3j@ezinearticles.com,Female,187.178.224.90
129,Andrea,Spencer,aspencer3k@live.com,Female,241.37.160.144
130,Robin,Little,rlittle3l@mapquest.com,Female,12.183.0.234
131,Jason,Gomez,jgomez3m@businessinsider.com,Male,95.93.28.201
132,Michelle,Peters,mpeters3n@va.gov,Female,254.204.190.146
133,Victor,Gardner,vgardner3o@usnews.com,Male,80.180.175.4
134,Ernest,Stone,estone3p@qq.com,Male,210.229.133.24
135,Amy,Freeman,afreeman3q@163.com,Female,143.205.78.93
136,Diana,Ray,dray3r@berkeley.edu,Female,240.208.232.13
137,Bruce,Hanson,bhanson3s@dyndns.org,Male,138.251.19.184
138,Chris,Price,cprice3t@tiny.cc,Male,159.127.208.189
139,Anne,Willis,awillis3u@vistaprint.com,Female,192.10.232.103
140,Jean,Rose,jrose3v@wired.com,Female,233.37.91.198
141,Jeffrey,Green,jgreen3w@geocities.jp,Male,42.50.194.101
142,Judith,Mcdonald,jmcdonald3x@europa.eu,Female,190.82.17.77
143,Debra,Wilson,dwilson3y@smugmug.com,Female,24.136.49.38
144,Frank,Richardson,frichardson3z@biglobe.ne.jp,Male,210.184.167.41
145,Lisa,Montgomery,lmontgomery40@cam.ac.uk,Female,104.195.164.239
146,Billy,Collins,bcollins41@discuz.net,Male,13.113.152.165
147,Ralph,Hayes,rhayes42@springer.com,Male,73.178.237.240
148,Nicholas,Hunter,nhunter43@dedecms.com,Male,73.45.124.124
149,Chris,Lewis,clewis44@booking.com,Male,121.210.149.82
150,Alan,Lewis,alewis45@sciencedirect.com,Male,179.38.255.198
151,Sandra,Gutierrez,sgutierrez46@xing.com,Female,205.41.168.171
152,Anna,Lane,alane47@apple.com,Female,214.119.222.216
153,Evelyn,Banks,ebanks48@buzzfeed.com,Female,7.141.241.2
154,Sara,Hicks,shicks49@gmpg.org,Female,38.9.3.46
155,Nicole,Foster,nfoster4a@dell.com,Female,231.58.68.22
156,Timothy,Mills,tmills4b@1688.com,Male,230.164.212.144
157,Carl,Mccoy,cmccoy4c@163.com,Male,195.119.37.225
158,Donna,Adams,dadams4d@dyndns.org,Female,174.180.224.214
159,Diane,Black,dblack4e@printfriendly.com,Female,95.215.3.241
160,Justin,Marshall,jmarshall4f@qq.com,Male,237.62.163.103
161,Deborah,Hanson,dhanson4g@msu.edu,Female,88.130.25.163
162,Kimberly,Walker,kwalker4h@mapy.cz,Female,213.78.74.76
163,Margaret,Medina,mmedina4i@cdc.gov,Female,53.201.70.216
164,Jerry,Reed,jreed4j@wix.com,Male,46.114.112.152
165,Irene,Berry,iberry4k@theglobeandmail.com,Female,163.42.29.90
166,Louise,Grant,lgrant4l@angelfire.com,Female,225.60.251.199
167,Randy,Peterson,rpeterson4m@whitehouse.gov,Male,163.36.60.10
168,Gregory,Foster,gfoster4n@naver.com,Male,102.17.202.176
169,Jane,Perry,jperry4o@gmpg.org,Female,224.49.39.193
170,Joshua,Hunter,jhunter4p@fotki.com,Male,168.12.73.216
171,Earl,Reynolds,ereynolds4q@usnews.com,Male,41.76.224.66
172,Ashley,Schmidt,aschmidt4r@springer.com,Female,174.165.221.150
173,Diane,Harper,dharper4s@cloudflare.com,Female,240.156.15.73
174,Donna,Fowler,dfowler4t@addtoany.com,Female,15.107.177.188
175,Nicole,Banks,nbanks4u@geocities.com,Female,130.53.107.23
176,Ernest,Martinez,emartinez4v@parallels.com,Male,115.1.251.2
177,Chris,Collins,ccollins4w@ox.ac.uk,Male,28.107.163.175
178,Amy,Palmer,apalmer4x@bing.com,Female,205.51.104.47
179,Jessica,Taylor,jtaylor4y@jigsy.com,Female,83.77.96.28
180,Sandra,George,sgeorge4z@51.la,Female,57.74.43.79
181,Kelly,Frazier,kfrazier50@comcast.net,Female,93.212.39.33
182,Scott,Howell,showell51@irs.gov,Male,17.194.197.95
183,Judith,Moreno,jmoreno52@huffingtonpost.com,Female,0.67.78.43
184,Frances,Welch,fwelch53@ted.com,Female,244.195.86.214
185,Sharon,Wheeler,swheeler54@tmall.com,Female,218.124.211.209
186,Lawrence,Brown,lbrown55@istockphoto.com,Male,104.65.42.153
187,Victor,Gonzales,vgonzales56@unicef.org,Male,23.11.87.85
188,Nicole,Meyer,nmeyer57@deviantart.com,Female,23.98.75.199
189,Carolyn,Bowman,cbowman58@amazon.co.uk,Female,206.12.98.189
190,Steve,Alvarez,salvarez59@wired.com,Male,39.144.68.107
191,Christina,Bradley,cbradley5a@ocn.ne.jp,Female,18.60.234.146
192,Shawn,Sanders,ssanders5b@webmd.com,Male,99.70.253.211
193,Cynthia,Myers,cmyers5c@army.mil,Female,120.241.255.109
194,Jesse,Robertson,jrobertson5d@dell.com,Male,203.63.127.167
195,Wayne,Coleman,wcoleman5e@desdev.cn,Male,87.146.214.183
196,Walter,Payne,wpayne5f@un.org,Male,60.181.121.185
197,Patrick,Coleman,pcoleman5g@imdb.com,Male,141.213.28.124
198,Virginia,Armstrong,varmstrong5h@apache.org,Female,240.117.56.2
199,Doris,Fernandez,dfernandez5i@istockphoto.com,Female,149.129.126.97
200,Phillip,Spencer,pspencer5j@dell.com,Male,168.0.180.80
201,Earl,Sims,esims5k@ox.ac.uk,Male,156.13.227.174
202,Anna,Fernandez,afernandez5l@fc2.com,Female,224.195.251.202
203,Emily,Williams,ewilliams5m@usnews.com,Female,220.41.174.21
204,Rachel,Johnson,rjohnson5n@epa.gov,Female,210.85.30.254
205,Sarah,Bryant,sbryant5o@gnu.org,Female,158.57.27.124
206,Maria,Cox,mcox5p@ebay.com,Female,126.194.127.138
207,Terry,Ward,tward5q@berkeley.edu,Male,45.207.83.255
208,Robert,Rice,rrice5r@ftc.gov,Male,101.51.98.47
209,Donna,Howell,dhowell5s@army.mil,Female,24.97.124.108
210,Janice,Kennedy,jkennedy5t@simplemachines.org,Female,186.172.155.139
211,Harry,Williamson,hwilliamson5u@washington.edu,Male,130.111.170.53
212,Ruby,Thomas,rthomas5v@ibm.com,Female,78.252.18.90
213,Maria,Hicks,mhicks5w@flavors.me,Female,41.219.94.66
214,Victor,Pierce,vpierce5x@businesswire.com,Male,125.58.24.57
215,Sean,Thompson,sthompson5y@telegraph.co.uk,Male,202.92.22.8
216,Brandon,Willis,bwillis5z@canalblog.com,Male,200.93.135.13
217,Larry,King,lking60@hc360.com,Male,135.161.103.133
218,Mildred,Stevens,mstevens61@oracle.com,Female,186.94.98.100
219,Roger,Young,ryoung62@dailymotion.com,Male,165.195.57.99
220,Aaron,Rice,arice63@delicious.com,Male,145.144.206.224
221,Kimberly,Cunningham,kcunningham64@wiley.com,Female,218.75.212.152
222,Jack,Burns,jburns65@blogtalkradio.com,Male,221.12.152.153
223,Virginia,Mccoy,vmccoy66@pen.io,Female,112.250.53.152
224,Justin,Medina,jmedina67@scientificamerican.com,Male,38.122.68.164
225,Paul,Boyd,pboyd68@auda.org.au,Male,112.53.220.139
226,Thomas,Mills,tmills69@mit.edu,Male,226.201.152.150
227,Ruby,Nguyen,rnguyen6a@paypal.com,Female,54.99.131.55
228,Sara,Fernandez,sfernandez6b@blog.com,Female,42.168.61.99
229,Wayne,Fisher,wfisher6c@desdev.cn,Male,58.115.236.100
230,Brenda,Foster,bfoster6d@mac.com,Female,73.173.102.154
231,Joshua,Howard,jhoward6e@netvibes.com,Male,97.46.54.14
232,Steve,Kim,skim6f@google.nl,Male,131.233.136.174
233,Eugene,Berry,eberry6g@furl.net,Male,219.63.223.41
234,Tammy,Jones,tjones6h@irs.gov,Female,80.205.191.48
235,Norma,Fernandez,nfernandez6i@washington.edu,Female,10.17.84.202
236,Billy,Harrison,bharrison6j@multiply.com,Male,117.124.195.28
237,Charles,Barnes,cbarnes6k@google.co.jp,Male,161.194.161.167
238,Jesse,Rodriguez,jrodriguez6l@mail.ru,Male,164.180.77.240
239,Todd,Burke,tburke6m@4shared.com,Male,167.36.1.40
240,Jane,Carter,jcarter6n@census.gov,Female,231.51.46.31
241,Alan,Garrett,agarrett6o@1und1.de,Male,191.150.207.165
242,Christina,Bishop,cbishop6p@home.pl,Female,159.68.26.231
243,Timothy,Mason,tmason6q@sogou.com,Male,210.86.186.115
244,Craig,Perry,cperry6r@globo.com,Male,23.36.113.26
245,Steve,Long,slong6s@washington.edu,Male,235.30.57.242
246,Lawrence,Fowler,lfowler6t@usgs.gov,Male,93.179.195.15
247,Jane,Simmons,jsimmons6u@ovh.net,Female,84.11.43.217
248,Donna,Bennett,dbennett6v@dot.gov,Female,56.27.51.104
249,Wayne,Hart,whart6w@google.ru,Male,212.164.33.61
250,Cheryl,Fox,cfox6x@google.cn,Female,83.238.59.43
251,Willie,Fields,wfields6y@blogs.com,Male,145.238.98.151
252,Earl,Knight,eknight6z@exblog.jp,Male,112.66.188.186
253,Diana,Boyd,dboyd70@tumblr.com,Female,254.28.44.93
254,Chris,Wagner,cwagner71@wunderground.com,Male,251.146.247.195
255,Joseph,Gilbert,jgilbert72@chronoengine.com,Male,37.222.78.251
256,Louise,Gutierrez,lgutierrez73@stanford.edu,Female,108.230.222.69
257,Martin,Watson,mwatson74@ebay.com,Male,131.170.79.231
258,Jacqueline,Clark,jclark75@gov.uk,Female,215.89.29.9
259,Albert,Fields,afields76@wikia.com,Male,153.235.26.195
260,Linda,Burton,lburton77@salon.com,Female,188.170.27.215
261,Sandra,Brooks,sbrooks78@alexa.com,Female,4.242.158.233
262,Jack,Mendoza,jmendoza79@bloglines.com,Male,94.30.4.126
263,Martha,Greene,mgreene7a@themeforest.net,Female,255.139.224.108
264,Amanda,Thompson,athompson7b@google.cn,Female,254.63.175.29
265,Andrea,Austin,aaustin7c@gravatar.com,Female,74.161.182.231
266,Kevin,Howell,khowell7d@ca.gov,Male,11.213.33.234
267,Dorothy,Stone,dstone7e@discovery.com,Female,212.186.132.243
268,Doris,Moore,dmoore7f@google.nl,Female,204.130.185.83
269,Sean,Shaw,sshaw7g@xrea.com,Male,229.55.0.200
270,Catherine,Turner,cturner7h@dyndns.org,Female,120.51.72.45
271,Frances,Shaw,fshaw7i@apache.org,Female,115.6.93.174
272,Ronald,Flores,rflores7j@biglobe.ne.jp,Male,33.82.244.2
273,Steve,Hamilton,shamilton7k@paypal.com,Male,132.199.99.40
274,Philip,Smith,psmith7l@surveymonkey.com,Male,215.239.187.13
275,Arthur,Williams,awilliams7m@squidoo.com,Male,13.229.154.192
276,Peter,Burke,pburke7n@eventbrite.com,Male,230.44.212.130
277,Albert,Lee,alee7o@dion.ne.jp,Male,246.194.158.133
278,Adam,Robertson,arobertson7p@icio.us,Male,183.153.248.66
279,Bruce,Payne,bpayne7q@ibm.com,Male,190.19.93.174
280,Amanda,Mccoy,amccoy7r@hibu.com,Female,142.67.33.162
281,Eugene,Fisher,efisher7s@fc2.com,Male,129.61.199.4
282,Christine,Lewis,clewis7t@rakuten.co.jp,Female,219.152.36.165
283,Julia,Stephens,jstephens7u@reverbnation.com,Female,117.197.60.74
284,Jeremy,Powell,jpowell7v@arizona.edu,Male,232.200.209.236
285,Johnny,Andrews,jandrews7w@edublogs.org,Male,33.189.188.66
286,Robin,Williamson,rwilliamson7x@symantec.com,Female,185.215.252.247
287,Theresa,Perry,tperry7y@sciencedirect.com,Female,215.220.96.21
288,Laura,Matthews,lmatthews7z@prnewswire.com,Female,219.133.198.23
289,Joseph,Murphy,jmurphy80@geocities.com,Male,217.78.92.125
290,Lillian,Garrett,lgarrett81@edublogs.org,Female,69.25.134.37
291,Martha,Gutierrez,mgutierrez82@plala.or.jp,Female,108.156.117.248
292,Evelyn,Porter,eporter83@cnet.com,Female,169.52.78.186
293,Shawn,Flores,sflores84@java.com,Male,41.201.130.105
294,Sara,Gonzales,sgonzales85@nhs.uk,Female,37.105.84.12
295,Louise,Gilbert,lgilbert86@hubpages.com,Female,205.15.176.142
296,Todd,Rose,trose87@goo.ne.jp,Male,20.37.15.32
297,Shawn,Bailey,sbailey88@narod.ru,Male,172.158.62.148
298,Angela,Torres,atorres89@ftc.gov,Female,199.229.41.180
299,Janice,Austin,jaustin8a@merriam-webster.com,Female,249.112.169.243
300,Jean,Griffin,jgriffin8b@google.ru,Female,236.170.93.112
301,Sharon,Johnston,sjohnston8c@usgs.gov,Female,255.18.179.86
302,Alice,Murray,amurray8d@mapquest.com,Female,6.64.243.52
303,Rose,Gomez,rgomez8e@thetimes.co.uk,Female,160.170.247.189
304,Judy,Spencer,jspencer8f@dell.com,Female,186.185.198.242
305,Lawrence,George,lgeorge8g@economist.com,Male,64.81.240.108
306,Mark,Williamson,mwilliamson8h@alibaba.com,Male,76.98.27.16
307,David,Alexander,dalexander8i@live.com,Male,106.232.197.207
308,Lois,Warren,lwarren8j@hibu.com,Female,251.141.152.224
309,Tina,Baker,tbaker8k@alexa.com,Female,59.123.7.12
310,Joshua,Black,jblack8l@cbsnews.com,Male,197.151.98.70
311,Matthew,Knight,mknight8m@hubpages.com,Male,6.188.160.224
312,Stephen,Simpson,ssimpson8n@lycos.com,Male,195.173.34.147
313,Shawn,Little,slittle8o@g.co,Male,215.137.163.227
314,Sandra,Mcdonald,smcdonald8p@freewebs.com,Female,60.218.48.93
315,Jacqueline,Miller,jmiller8q@sbwire.com,Female,26.154.216.146
316,Joe,James,jjames8r@istockphoto.com,Male,76.193.76.198
317,Willie,Perry,wperry8s@bloglovin.com,Male,43.78.184.157
318,Kimberly,Murphy,kmurphy8t@google.co.uk,Female,183.106.38.160
319,Kimberly,Vasquez,kvasquez8u@gizmodo.com,Female,248.227.121.124
320,William,Kelly,wkelly8v@storify.com,Male,91.181.100.83
321,Matthew,Moreno,mmoreno8w@usnews.com,Male,91.33.11.165
322,Deborah,Knight,dknight8x@utexas.edu,Female,62.129.78.175
323,Kenneth,Franklin,kfranklin8y@theglobeandmail.com,Male,97.92.12.19
324,Christopher,Garrett,cgarrett8z@flavors.me,Male,26.152.189.202
325,Michael,Ford,mford90@123-reg.co.uk,Male,152.177.51.154
326,Jimmy,Burton,jburton91@pcworld.com,Male,1.225.77.178
327,Judith,Perry,jperry92@51.la,Female,229.185.54.89
328,Barbara,Gomez,bgomez93@mediafire.com,Female,139.209.1.209
329,Gloria,Morris,gmorris94@issuu.com,Female,100.110.95.188
330,Gary,White,gwhite95@forbes.com,Male,56.215.195.244
331,Henry,Porter,hporter96@chicagotribune.com,Male,46.9.165.142
332,Henry,Barnes,hbarnes97@moonfruit.com,Male,137.220.193.126
333,John,Mitchell,jmitchell98@ustream.tv,Male,157.75.191.112
334,George,Webb,gwebb99@marriott.com,Male,29.18.139.19
335,Norma,Daniels,ndaniels9a@cdc.gov,Female,180.134.206.113
336,Matthew,Hansen,mhansen9b@wiley.com,Male,181.76.48.92
337,Alan,Scott,ascott9c@ca.gov,Male,237.35.168.86
338,Albert,Mcdonald,amcdonald9d@cam.ac.uk,Male,176.45.40.76
339,Phyllis,James,pjames9e@fda.gov,Female,99.233.209.152
340,Sean,Castillo,scastillo9f@mapquest.com,Male,23.135.255.189
341,Jack,Stephens,jstephens9g@nature.com,Male,240.211.223.240
342,Stephen,Ryan,sryan9h@go.com,Male,19.115.166.15
343,Michelle,Nelson,mnelson9i@miibeian.gov.cn,Female,226.97.17.69
344,Heather,Ray,hray9j@fotki.com,Female,102.121.140.12
345,Eric,Jacobs,ejacobs9k@pcworld.com,Male,213.190.201.38
346,Beverly,Dixon,bdixon9l@list-manage.com,Female,198.181.215.188
347,Jack,Adams,jadams9m@wix.com,Male,67.130.192.173
348,Henry,White,hwhite9n@whitehouse.gov,Male,50.64.161.75
349,Beverly,Dean,bdean9o@fema.gov,Female,10.116.137.49
350,William,Price,wprice9p@latimes.com,Male,235.150.50.222
351,Rebecca,Little,rlittle9q@walmart.com,Female,96.9.109.25
352,Gerald,Gomez,ggomez9r@epa.gov,Male,110.50.124.60
353,Wanda,Burns,wburns9s@hibu.com,Female,173.241.205.115
354,Rebecca,Arnold,rarnold9t@china.com.cn,Female,76.107.181.125
355,Philip,Bennett,pbennett9u@i2i.jp,Male,104.83.138.199
356,Joan,Medina,jmedina9v@noaa.gov,Female,238.168.43.1
357,Carolyn,Wallace,cwallace9w@ocn.ne.jp,Female,93.173.172.184
358,Irene,Rice,irice9x@foxnews.com,Female,233.223.203.136
359,Jeremy,Lynch,jlynch9y@edublogs.org,Male,99.97.205.102
360,Gerald,Watson,gwatson9z@imgur.com,Male,182.102.56.46
361,Nicole,Adams,nadamsa0@indiatimes.com,Female,83.159.106.161
362,Martha,Riley,mrileya1@drupal.org,Female,187.43.87.16
363,Mildred,Bell,mbella2@zimbio.com,Female,75.0.99.9
364,Brian,Gonzalez,bgonzaleza3@ow.ly,Male,16.150.145.23
365,Matthew,Tucker,mtuckera4@google.it,Male,8.131.128.249
366,Thomas,Coleman,tcolemana5@t-online.de,Male,199.238.136.55
367,Larry,Mitchell,lmitchella6@zimbio.com,Male,132.147.192.90
368,Donna,Berry,dberrya7@businessweek.com,Female,193.149.204.47
369,Debra,Holmes,dholmesa8@independent.co.uk,Female,85.66.40.133
370,Marilyn,Jones,mjonesa9@theguardian.com,Female,195.220.60.74
371,Judith,Turner,jturneraa@qq.com,Female,216.77.4.144
372,Phillip,Torres,ptorresab@wix.com,Male,102.209.96.174
373,William,Bennett,wbennettac@blogspot.com,Male,82.117.9.146
374,Lisa,Gardner,lgardnerad@blogs.com,Female,134.85.63.239
375,Teresa,Morales,tmoralesae@zimbio.com,Female,145.82.253.126
376,Patrick,Hicks,phicksaf@free.fr,Male,250.44.116.187
377,Tina,Mccoy,tmccoyag@hud.gov,Female,147.111.158.220
378,Helen,Chavez,hchavezah@miibeian.gov.cn,Female,99.82.219.94
379,Jeremy,Oliver,joliverai@apple.com,Male,14.44.12.126
380,Beverly,Reyes,breyesaj@diigo.com,Female,178.35.118.102
381,Arthur,Alvarez,aalvarezak@drupal.org,Male,113.255.178.89
382,Anna,Mcdonald,amcdonaldal@google.com.au,Female,138.112.113.43
383,Adam,Ross,arossam@ezinearticles.com,Male,41.44.1.28
384,Betty,Harrison,bharrisonan@live.com,Female,115.61.245.233
385,Ashley,Carroll,acarrollao@pen.io,Female,134.39.146.163
386,Carlos,Wagner,cwagnerap@is.gd,Male,241.126.123.132
387,Frances,Stevens,fstevensaq@loc.gov,Female,158.178.133.98
388,Donna,Warren,dwarrenar@umich.edu,Female,97.147.61.57
389,Eugene,Stone,estoneas@reverbnation.com,Male,131.196.181.184
390,Anthony,Kennedy,akennedyat@ameblo.jp,Male,168.90.86.41
391,Elizabeth,Reynolds,ereynoldsau@statcounter.com,Female,25.212.95.33
392,Christine,Palmer,cpalmerav@jugem.jp,Female,182.175.5.60
393,Christopher,Meyer,cmeyeraw@imdb.com,Male,213.203.145.108
394,Andrea,Edwards,aedwardsax@reverbnation.com,Female,236.142.85.140
395,Phyllis,Kelly,pkellyay@webnode.com,Female,122.202.19.237
396,Jose,Weaver,jweaveraz@4shared.com,Male,71.225.254.180
397,Lillian,Gardner,lgardnerb0@blogspot.com,Female,202.197.23.132
398,Larry,Porter,lporterb1@free.fr,Male,224.204.51.136
399,Teresa,Stanley,tstanleyb2@sourceforge.net,Female,121.203.230.233
400,Deborah,Stone,dstoneb3@is.gd,Female,159.188.66.197
401,Cheryl,Daniels,cdanielsb4@google.co.jp,Female,30.217.63.79
402,Karen,Murphy,kmurphyb5@altervista.org,Female,99.124.225.185
403,Cheryl,Stewart,cstewartb6@etsy.com,Female,55.171.53.212
404,Patricia,Torres,ptorresb7@hud.gov,Female,250.89.87.160
405,Henry,Parker,hparkerb8@forbes.com,Male,233.13.203.208
406,Jimmy,Pierce,jpierceb9@wunderground.com,Male,193.69.254.107
407,Timothy,Gonzalez,tgonzalezba@mozilla.org,Male,136.13.11.107
408,Marilyn,Gardner,mgardnerbb@ed.gov,Female,36.58.119.78
409,Andrew,Banks,abanksbc@icq.com,Male,105.178.52.34
410,Brian,Hansen,bhansenbd@networksolutions.com,Male,153.196.166.110
411,Ernest,Schmidt,eschmidtbe@trellian.com,Male,62.160.244.30
412,Wanda,Reid,wreidbf@seattletimes.com,Female,109.98.0.197
413,Deborah,Barnes,dbarnesbg@webeden.co.uk,Female,250.63.201.25
414,Peter,Murray,pmurraybh@elegantthemes.com,Male,173.5.73.44
415,Howard,Harper,hharperbi@vkontakte.ru,Male,160.170.209.174
416,Kevin,Hansen,khansenbj@mapquest.com,Male,157.86.21.164
417,Christina,Jacobs,cjacobsbk@springer.com,Female,30.192.125.57
418,Evelyn,Lynch,elynchbl@cargocollective.com,Female,26.26.229.56
419,Earl,Powell,epowellbm@goodreads.com,Male,234.176.143.237
420,Christine,Sanders,csandersbn@fema.gov,Female,241.166.34.192
421,Brian,Roberts,brobertsbo@techcrunch.com,Male,218.200.166.38
422,Jean,Sullivan,jsullivanbp@taobao.com,Female,98.182.218.172
423,Sara,Mccoy,smccoybq@fc2.com,Female,78.129.14.32
424,Jessica,Torres,jtorresbr@elegantthemes.com,Female,88.8.158.128
425,Robert,Reyes,rreyesbs@tamu.edu,Male,125.130.46.126
426,Kevin,Nichols,knicholsbt@engadget.com,Male,61.143.97.29
427,Roy,Oliver,roliverbu@yahoo.co.jp,Male,193.24.218.60
428,Ann,Nichols,anicholsbv@examiner.com,Female,76.199.4.73
429,Donna,Bennett,dbennettbw@bandcamp.com,Female,231.208.115.133
430,Robin,Hayes,rhayesbx@geocities.jp,Female,101.251.189.90
431,Anthony,Henderson,ahendersonby@purevolume.com,Male,151.218.215.81
432,Frances,Phillips,fphillipsbz@arstechnica.com,Female,108.28.97.1
433,Joyce,Lane,jlanec0@toplist.cz,Female,18.73.6.66
434,Annie,Morris,amorrisc1@w3.org,Female,65.168.59.28
435,Roy,Romero,rromeroc2@purevolume.com,Male,74.138.252.230
436,Antonio,Price,apricec3@mail.ru,Male,137.229.82.28
437,Kathy,Barnes,kbarnesc4@e-recht24.de,Female,154.135.66.40
438,Jacqueline,Mitchell,jmitchellc5@netlog.com,Female,126.121.124.96
439,Kelly,Johnston,kjohnstonc6@tuttocitta.it,Female,146.3.205.11
440,Howard,Robertson,hrobertsonc7@cnbc.com,Male,105.255.91.22
441,Arthur,Romero,aromeroc8@simplemachines.org,Male,11.14.132.144
442,Robert,Castillo,rcastilloc9@nba.com,Male,131.215.224.178
443,Jimmy,Carr,jcarrca@addthis.com,Male,33.237.157.175
444,Helen,Medina,hmedinacb@elpais.com,Female,72.49.219.14
445,Joan,Perez,jperezcc@walmart.com,Female,90.45.139.239
446,Jason,Burns,jburnscd@umn.edu,Male,26.159.80.222
447,Evelyn,Jordan,ejordance@yellowpages.com,Female,24.154.59.22
448,John,Medina,jmedinacf@unc.edu,Male,110.211.157.150
449,Frances,Morgan,fmorgancg@senate.gov,Female,120.25.242.162
450,Jonathan,Montgomery,jmontgomerych@dailymotion.com,Male,193.205.109.235
451,Judy,Hunter,jhunterci@liveinternet.ru,Female,241.13.110.128
452,Janet,Harvey,jharveycj@reddit.com,Female,193.136.171.36
453,Billy,Howell,bhowellck@comcast.net,Male,49.47.237.132
454,Bruce,Gutierrez,bgutierrezcl@ow.ly,Male,196.31.119.46
455,Robin,Rivera,rriveracm@barnesandnoble.com,Female,129.239.93.160
456,Jeremy,Riley,jrileycn@ox.ac.uk,Male,149.44.115.114
457,Harry,Mcdonald,hmcdonaldco@skype.com,Male,238.204.7.148
458,Phillip,Boyd,pboydcp@narod.ru,Male,120.130.37.29
459,Susan,Austin,saustincq@ning.com,Female,231.155.234.73
460,Ruth,Murray,rmurraycr@123-reg.co.uk,Female,145.194.113.65
461,Aaron,Daniels,adanielscs@mediafire.com,Male,238.34.152.58
462,Albert,Elliott,aelliottct@yolasite.com,Male,6.33.80.78
463,Karen,Ryan,kryancu@yellowpages.com,Female,19.51.164.147
464,Carol,Griffin,cgriffincv@mashable.com,Female,75.242.21.209
465,Albert,Marshall,amarshallcw@usda.gov,Male,221.71.177.203
466,Kathryn,Johnson,kjohnsoncx@usatoday.com,Female,232.57.209.180
467,Sara,Hicks,shickscy@nymag.com,Female,42.196.219.60
468,Sandra,Simmons,ssimmonscz@gmpg.org,Female,162.187.165.16
469,Roger,Lopez,rlopezd0@themeforest.net,Male,19.30.245.89
470,Benjamin,Watson,bwatsond1@miitbeian.gov.cn,Male,250.214.175.218
471,Gregory,Day,gdayd2@tinyurl.com,Male,21.218.11.33
472,Gerald,King,gkingd3@auda.org.au,Male,23.135.54.235
473,Judith,Williamson,jwilliamsond4@ebay.com,Female,254.176.31.54
474,Carlos,Wagner,cwagnerd5@cbc.ca,Male,6.198.38.13
475,Juan,Gray,jgrayd6@people.com.cn,Male,101.248.165.26
476,Lori,Duncan,lduncand7@pen.io,Female,196.243.169.239
477,Marie,Nichols,mnicholsd8@princeton.edu,Female,211.57.100.130
478,Jean,Hall,jhalld9@illinois.edu,Female,115.129.233.56
479,Joe,Henderson,jhendersonda@sfgate.com,Male,112.117.212.42
480,Jeremy,Stewart,jstewartdb@sun.com,Male,171.52.218.149
481,Louise,Bell,lbelldc@redcross.org,Female,19.141.178.227
482,Rebecca,Ramos,rramosdd@hp.com,Female,109.43.26.50
483,Walter,Bell,wbellde@mac.com,Male,72.173.10.59
484,Clarence,Russell,crusselldf@bloomberg.com,Male,61.30.96.27
485,Chris,Carpenter,ccarpenterdg@squidoo.com,Male,210.249.90.145
486,Janice,Berry,jberrydh@seattletimes.com,Female,162.190.179.52
487,Philip,Brooks,pbrooksdi@privacy.gov.au,Male,172.34.151.228
488,Alice,Tucker,atuckerdj@oakley.com,Female,162.64.76.212
489,Ralph,Moore,rmooredk@cocolog-nifty.com,Male,162.213.134.128
490,Kelly,Garza,kgarzadl@seattletimes.com,Female,135.109.153.55
491,Andrea,Barnes,abarnesdm@parallels.com,Female,106.58.133.17
492,Christina,Harris,charrisdn@free.fr,Female,156.56.235.74
493,Anthony,Weaver,aweaverdo@wiley.com,Male,186.156.139.231
494,Teresa,Berry,tberrydp@oracle.com,Female,29.116.104.211
495,Joshua,Lewis,jlewisdq@liveinternet.ru,Male,170.212.169.214
496,Joseph,Phillips,jphillipsdr@cam.ac.uk,Male,42.206.146.243
497,Mary,Myers,mmyersds@earthlink.net,Female,165.2.248.193
498,Karen,Shaw,kshawdt@noaa.gov,Female,5.188.89.64
499,Daniel,Ortiz,dortizdu@prweb.com,Male,135.187.227.214
500,Diane,Ray,draydv@wix.com,Female,218.107.148.227
501,Amanda,Warren,awarrendw@flavors.me,Female,137.168.212.7
502,Andrew,Cox,acoxdx@vinaora.com,Male,63.127.124.52
503,Kenneth,Bowman,kbowmandy@etsy.com,Male,103.119.101.64
504,Sharon,Austin,saustindz@prlog.org,Female,221.32.103.96
505,Denise,West,dweste0@xrea.com,Female,46.195.45.55
506,Joe,Bishop,jbishope1@spotify.com,Male,84.6.76.118
507,Terry,Hart,tharte2@blinklist.com,Male,57.34.86.226
508,Raymond,Turner,rturnere3@quantcast.com,Male,46.35.66.231
509,Judith,Lee,jleee4@technorati.com,Female,146.241.189.47
510,Norma,Chapman,nchapmane5@360.cn,Female,15.80.138.205
511,Amanda,Diaz,adiaze6@unesco.org,Female,216.178.181.196
512,Elizabeth,Taylor,etaylore7@harvard.edu,Female,96.17.28.132
513,Ralph,Grant,rgrante8@aboutads.info,Male,105.131.86.188
514,Debra,Moore,dmooree9@mac.com,Female,250.178.198.170
515,Jacqueline,Taylor,jtaylorea@linkedin.com,Female,2.218.71.252
516,Jeremy,Hall,jhalleb@seesaa.net,Male,220.196.90.144
517,Julia,Stewart,jstewartec@tinyurl.com,Female,200.190.188.72
518,Robert,Jackson,rjacksoned@unicef.org,Male,128.52.174.131
519,Justin,Hicks,jhicksee@blogs.com,Male,162.133.203.1
520,Louise,Bradley,lbradleyef@cdc.gov,Female,152.15.250.154
521,Mildred,Dunn,mdunneg@kickstarter.com,Female,0.155.112.104
522,Jacqueline,Olson,jolsoneh@who.int,Female,24.147.171.173
523,Peter,Richardson,prichardsonei@bing.com,Male,135.74.244.161
524,Eric,Carr,ecarrej@unesco.org,Male,95.129.66.10
525,Jerry,Fisher,jfisherek@github.com,Male,68.227.2.7
526,Aaron,Welch,awelchel@wufoo.com,Male,228.200.207.200
527,Lisa,Wright,lwrightem@kickstarter.com,Female,111.230.149.167
528,Jimmy,Robinson,jrobinsonen@sciencedaily.com,Male,8.188.10.15
529,Carl,Ryan,cryaneo@digg.com,Male,237.107.195.98
530,Craig,Reynolds,creynoldsep@is.gd,Male,111.185.22.233
531,Margaret,Cruz,mcruzeq@eventbrite.com,Female,110.226.155.146
532,Gloria,Franklin,gfrankliner@arizona.edu,Female,220.38.109.11
533,Andrew,Jacobs,ajacobses@tiny.cc,Male,107.186.29.193
534,Stephanie,Perkins,sperkinset@washingtonpost.com,Female,115.185.21.133
535,Martha,Bell,mbelleu@google.com.au,Female,89.174.28.58
536,Sandra,Collins,scollinsev@netvibes.com,Female,138.230.135.121
537,Karen,Cruz,kcruzew@illinois.edu,Female,68.234.120.156
538,James,Howard,jhowardex@comsenz.com,Male,235.173.246.233
539,Samuel,Griffin,sgriffiney@umn.edu,Male,26.56.1.163
540,Melissa,Cruz,mcruzez@cbsnews.com,Female,225.92.29.89
541,Martin,Perkins,mperkinsf0@hp.com,Male,134.71.52.91
542,Mildred,Ferguson,mfergusonf1@ucoz.ru,Female,170.218.165.169
543,Gerald,Wood,gwoodf2@addtoany.com,Male,163.41.167.254
544,Kenneth,Robinson,krobinsonf3@auda.org.au,Male,48.132.75.39
545,Juan,Frazier,jfrazierf4@arstechnica.com,Male,64.209.44.205
546,Ronald,Simpson,rsimpsonf5@google.de,Male,120.184.49.183
547,Phyllis,Sanders,psandersf6@com.com,Female,205.247.232.168
548,David,Carr,dcarrf7@webnode.com,Male,135.234.240.196
549,Helen,Lopez,hlopezf8@cdbaby.com,Female,13.11.22.203
550,Richard,Gonzales,rgonzalesf9@paypal.com,Male,44.31.12.243
551,Wanda,Nelson,wnelsonfa@netvibes.com,Female,188.228.93.34
552,Randy,Hudson,rhudsonfb@abc.net.au,Male,161.144.62.181
553,Walter,West,wwestfc@yelp.com,Male,230.13.164.202
554,Douglas,Ellis,dellisfd@ox.ac.uk,Male,132.2.142.190
555,Kathy,Burke,kburkefe@macromedia.com,Female,176.74.69.144
556,Anthony,Snyder,asnyderff@moonfruit.com,Male,143.160.184.181
557,Annie,Gomez,agomezfg@ibm.com,Female,136.216.99.175
558,Carlos,Morris,cmorrisfh@google.fr,Male,80.12.236.69
559,Samuel,Watson,swatsonfi@sina.com.cn,Male,80.201.131.13
560,Gloria,Thompson,gthompsonfj@cbslocal.com,Female,90.19.111.194
561,Emily,Stevens,estevensfk@infoseek.co.jp,Female,114.68.26.138
562,Albert,Elliott,aelliottfl@sfgate.com,Male,109.83.73.231
563,Phyllis,Miller,pmillerfm@amazon.co.uk,Female,159.207.208.108
564,Catherine,Hayes,chayesfn@miibeian.gov.cn,Female,3.133.179.176
565,Brian,Ruiz,bruizfo@utexas.edu,Male,223.245.77.166
566,Rebecca,Henry,rhenryfp@paginegialle.it,Female,87.150.141.67
567,Louise,Fields,lfieldsfq@xinhuanet.com,Female,133.143.185.34
568,Larry,Fisher,lfisherfr@mediafire.com,Male,173.55.59.199
569,Harold,Miller,hmillerfs@goo.gl,Male,212.204.141.206
570,Stephanie,Jacobs,sjacobsft@imdb.com,Female,127.143.184.29
571,Antonio,Ramos,aramosfu@thetimes.co.uk,Male,243.15.85.107
572,Harry,Howard,hhowardfv@smh.com.au,Male,217.94.104.76
573,Randy,Lane,rlanefw@ask.com,Male,89.171.113.255
574,Shawn,Lewis,slewisfx@istockphoto.com,Male,30.199.76.115
575,Stephanie,Wilson,swilsonfy@jimdo.com,Female,35.150.76.38
576,Gloria,Vasquez,gvasquezfz@umich.edu,Female,89.212.89.198
577,Norma,Coleman,ncolemang0@deviantart.com,Female,123.151.173.126
578,Alan,Anderson,aandersong1@yellowpages.com,Male,176.94.72.156
579,Donald,Collins,dcollinsg2@gizmodo.com,Male,172.242.162.62
580,Jose,Greene,jgreeneg3@mashable.com,Male,37.87.92.227
581,Timothy,Frazier,tfrazierg4@prweb.com,Male,192.47.100.229
582,Brenda,Shaw,bshawg5@hhs.gov,Female,189.102.75.187
583,Peter,Miller,pmillerg6@last.fm,Male,8.199.195.86
584,Elizabeth,Walker,ewalkerg7@globo.com,Female,15.181.232.183
585,Richard,Ray,rrayg8@princeton.edu,Male,126.105.92.33
586,Jason,Hunter,jhunterg9@amazon.co.uk,Male,143.211.3.152
587,Cynthia,Owens,cowensga@spotify.com,Female,151.184.230.47
588,Chris,Perry,cperrygb@woothemes.com,Male,68.26.91.87
589,Eric,Gutierrez,egutierrezgc@scribd.com,Male,124.182.146.39
590,Heather,West,hwestgd@google.cn,Female,0.69.145.49
591,Barbara,Hawkins,bhawkinsge@clickbank.net,Female,157.243.142.72
592,Shirley,Chavez,schavezgf@hc360.com,Female,96.81.197.109
593,Edward,Ortiz,eortizgg@virginia.edu,Male,14.104.202.14
594,Billy,Kelly,bkellygh@microsoft.com,Male,198.5.193.187
595,Gary,Henry,ghenrygi@smh.com.au,Male,244.141.241.206
596,Jesse,Coleman,jcolemangj@whitehouse.gov,Male,95.63.139.105
597,Terry,Powell,tpowellgk@dailymotion.com,Male,210.101.132.190
598,Lori,Freeman,lfreemangl@google.ru,Female,223.1.39.186
599,George,Henry,ghenrygm@sakura.ne.jp,Male,142.95.237.164
600,Julia,Ortiz,jortizgn@wikispaces.com,Female,243.47.237.92
601,Julie,Ray,jraygo@altervista.org,Female,216.201.254.186
602,Julie,Gray,jgraygp@t.co,Female,54.92.129.195
603,Christine,Carr,ccarrgq@printfriendly.com,Female,205.230.223.37
604,Jesse,Franklin,jfranklingr@ted.com,Male,31.10.18.252
605,Beverly,Harvey,bharveygs@cisco.com,Female,15.120.69.61
606,Kathryn,Hamilton,khamiltongt@instagram.com,Female,26.55.22.208
607,Daniel,Hudson,dhudsongu@paypal.com,Male,240.68.122.133
608,Adam,Foster,afostergv@europa.eu,Male,253.232.24.54
609,Wayne,Mills,wmillsgw@comsenz.com,Male,48.4.78.126
610,Jane,Rose,jrosegx@wsj.com,Female,105.135.43.167
611,Ann,Cox,acoxgy@biblegateway.com,Female,30.82.136.71
612,Jose,Welch,jwelchgz@myspace.com,Male,251.60.63.110
613,Evelyn,Roberts,erobertsh0@slideshare.net,Female,128.34.206.221
614,Beverly,Thomas,bthomash1@dmoz.org,Female,148.195.159.32
615,Julia,Riley,jrileyh2@ehow.com,Female,203.119.50.128
616,Gary,Peterson,gpetersonh3@un.org,Male,110.181.154.115
617,Johnny,Gray,jgrayh4@mlb.com,Male,28.65.53.145
618,Bruce,Ford,bfordh5@state.tx.us,Male,184.253.12.219
619,Mary,Jacobs,mjacobsh6@51.la,Female,197.85.130.65
620,Frances,Jenkins,fjenkinsh7@youku.com,Female,11.239.110.180
621,Matthew,Phillips,mphillipsh8@sogou.com,Male,3.201.145.163
622,Mary,Jones,mjonesh9@narod.ru,Female,160.221.237.169
623,Jerry,Perry,jperryha@ted.com,Male,84.154.206.204
624,Jerry,Oliver,joliverhb@imgur.com,Male,130.16.54.74
625,Scott,Watson,swatsonhc@nps.gov,Male,177.122.33.130
626,Janet,Wheeler,jwheelerhd@ox.ac.uk,Female,229.219.140.185
627,Samuel,Gilbert,sgilberthe@europa.eu,Male,226.33.200.107
628,Bobby,Garza,bgarzahf@elpais.com,Male,206.23.193.232
629,Angela,Fisher,afisherhg@wsj.com,Female,0.209.39.3
630,Sarah,Torres,storreshh@amazonaws.com,Female,4.38.195.154
631,Ruth,Nichols,rnicholshi@cmu.edu,Female,199.152.73.65
632,Roger,Green,rgreenhj@squidoo.com,Male,172.238.216.161
633,Eric,Reynolds,ereynoldshk@reverbnation.com,Male,179.27.216.172
634,Judith,Bailey,jbaileyhl@wordpress.org,Female,136.178.237.223
635,Harry,Mccoy,hmccoyhm@topsy.com,Male,100.132.136.193
636,Randy,Wood,rwoodhn@tripod.com,Male,255.110.201.10
637,Kevin,Fuller,kfullerho@google.co.uk,Male,38.183.159.179
638,Jesse,Howard,jhowardhp@ameblo.jp,Male,206.205.111.42
639,Donald,Knight,dknighthq@newyorker.com,Male,214.121.67.179
640,Gloria,Adams,gadamshr@jugem.jp,Female,177.85.37.228
641,Julie,Dean,jdeanhs@si.edu,Female,90.174.238.98
642,Virginia,Graham,vgrahamht@nbcnews.com,Female,27.217.240.248
643,Lisa,Ryan,lryanhu@canalblog.com,Female,212.28.27.220
644,Jose,Robertson,jrobertsonhv@myspace.com,Male,59.199.123.134
645,Kenneth,Lee,kleehw@cyberchimps.com,Male,73.217.83.14
646,Justin,Hawkins,jhawkinshx@scientificamerican.com,Male,134.183.46.66
647,Joseph,Fuller,jfullerhy@hibu.com,Male,147.197.162.219
648,Stephanie,Moore,smoorehz@ezinearticles.com,Female,243.148.5.59
649,Howard,Adams,hadamsi0@tamu.edu,Male,37.128.222.212
650,Ruby,Nichols,rnicholsi1@blogger.com,Female,177.96.132.252
651,Russell,Garrett,rgarretti2@pagesperso-orange.fr,Male,49.98.231.239
652,Christopher,Mitchell,cmitchelli3@ow.ly,Male,160.171.157.79
653,Elizabeth,Rogers,erogersi4@forbes.com,Female,158.123.46.130
654,Brandon,Armstrong,barmstrongi5@a8.net,Male,190.120.171.57
655,Diane,Simpson,dsimpsoni6@google.de,Female,191.248.201.238
656,Frances,Peters,fpetersi7@tuttocitta.it,Female,100.187.37.112
657,Virginia,Romero,vromeroi8@meetup.com,Female,38.172.243.147
658,Paul,Scott,pscotti9@cyberchimps.com,Male,241.176.74.180
659,Amanda,Stewart,astewartia@freewebs.com,Female,225.40.149.136
660,Jack,Washington,jwashingtonib@msu.edu,Male,60.21.251.167
661,Michael,Garrett,mgarrettic@whitehouse.gov,Male,171.139.89.129
662,Benjamin,Ramos,bramosid@cornell.edu,Male,54.53.42.173
663,Roy,Chavez,rchavezie@nifty.com,Male,53.2.190.110
664,Doris,Nichols,dnicholsif@nasa.gov,Female,191.143.46.22
665,Samuel,Hudson,shudsonig@cbslocal.com,Male,56.251.206.115
666,Linda,Harrison,lharrisonih@utexas.edu,Female,178.72.239.0
667,Juan,Cox,jcoxii@gnu.org,Male,93.34.16.70
668,Kenneth,Bennett,kbennettij@last.fm,Male,96.189.70.205
669,Jonathan,Montgomery,jmontgomeryik@ustream.tv,Male,89.249.36.57
670,Catherine,Fields,cfieldsil@ovh.net,Female,61.35.97.244
671,Karen,Russell,krussellim@facebook.com,Female,52.222.201.170
672,Jennifer,Carr,jcarrin@yellowbook.com,Female,82.32.180.153
673,Marie,Hamilton,mhamiltonio@msu.edu,Female,99.38.158.189
674,Melissa,Fuller,mfullerip@cisco.com,Female,108.46.135.222
675,Diane,Snyder,dsnyderiq@cornell.edu,Female,154.119.60.46
676,Phyllis,Gutierrez,pgutierrezir@weebly.com,Female,7.197.77.246
677,Anne,Stephens,astephensis@vk.com,Female,97.220.70.219
678,Eugene,Andrews,eandrewsit@ezinearticles.com,Male,3.32.109.30
679,Laura,Russell,lrusselliu@unc.edu,Female,92.123.151.148
680,Kathleen,Hansen,khanseniv@jimdo.com,Female,51.170.183.178
681,Fred,Burton,fburtoniw@thetimes.co.uk,Male,131.197.136.33
682,Pamela,Jones,pjonesix@pagesperso-orange.fr,Female,76.131.205.103
683,Stephen,Ellis,sellisiy@hubpages.com,Male,15.1.221.56
684,Kathleen,Gomez,kgomeziz@netscape.com,Female,126.34.197.43
685,Annie,Henderson,ahendersonj0@ed.gov,Female,172.94.19.252
686,John,Nelson,jnelsonj1@whitehouse.gov,Male,60.27.254.221
687,Joshua,Foster,jfosterj2@newyorker.com,Male,36.95.143.13
688,Antonio,Bowman,abowmanj3@census.gov,Male,193.40.185.67
689,Ruby,Murphy,rmurphyj4@goodreads.com,Female,112.16.163.6
690,Russell,Long,rlongj5@hatena.ne.jp,Male,250.199.180.99
691,Julia,Stanley,jstanleyj6@newyorker.com,Female,60.22.178.78
692,Brandon,Cooper,bcooperj7@latimes.com,Male,215.233.20.83
693,Judith,Washington,jwashingtonj8@twitpic.com,Female,23.9.60.182
694,Dennis,Wells,dwellsj9@360.cn,Male,74.96.45.141
695,Amanda,Chavez,achavezja@tiny.cc,Female,80.246.70.234
696,Teresa,Ferguson,tfergusonjb@ucla.edu,Female,102.238.194.59
697,Michelle,Sullivan,msullivanjc@typepad.com,Female,251.55.214.229
698,Bobby,Riley,brileyjd@hp.com,Male,184.19.183.62
699,Rose,Fowler,rfowlerje@liveinternet.ru,Female,155.194.112.71
700,Deborah,Gray,dgrayjf@dell.com,Female,180.218.66.204
701,Rebecca,Lewis,rlewisjg@etsy.com,Female,255.139.61.94
702,Roy,Bishop,rbishopjh@youku.com,Male,147.247.177.107
703,Timothy,Nelson,tnelsonji@e-recht24.de,Male,22.234.173.103
704,Brenda,Oliver,boliverjj@icq.com,Female,14.79.65.80
705,Joan,Nelson,jnelsonjk@ed.gov,Female,85.29.86.44
706,Tammy,Rogers,trogersjl@weebly.com,Female,238.93.106.194
707,Juan,Reyes,jreyesjm@fc2.com,Male,198.52.174.179
708,Wanda,Jenkins,wjenkinsjn@newyorker.com,Female,228.161.163.2
709,Shirley,Adams,sadamsjo@vkontakte.ru,Female,11.184.46.112
710,Nancy,Graham,ngrahamjp@webeden.co.uk,Female,171.44.69.42
711,Adam,Fisher,afisherjq@comcast.net,Male,115.199.133.219
712,Jeffrey,Medina,jmedinajr@sfgate.com,Male,46.210.246.216
713,Paul,Mcdonald,pmcdonaldjs@reference.com,Male,201.252.67.52
714,Carl,Hughes,chughesjt@ezinearticles.com,Male,62.211.146.38
715,Ruby,Williams,rwilliamsju@google.pl,Female,164.227.198.43
716,Carol,West,cwestjv@vistaprint.com,Female,144.107.138.103
717,Daniel,Gibson,dgibsonjw@dot.gov,Male,212.47.116.151
718,Julie,White,jwhitejx@slate.com,Female,26.134.13.31
719,Susan,Webb,swebbjy@google.cn,Female,196.204.46.30
720,Carlos,Stephens,cstephensjz@buzzfeed.com,Male,81.53.12.45
721,Brian,Anderson,bandersonk0@huffingtonpost.com,Male,106.206.248.108
722,Rose,Coleman,rcolemank1@dmoz.org,Female,215.222.211.190
723,Bobby,Kelly,bkellyk2@moonfruit.com,Male,28.236.12.192
724,Marie,Collins,mcollinsk3@wordpress.org,Female,205.199.33.52
725,Julia,Bailey,jbaileyk4@webs.com,Female,17.213.221.115
726,Katherine,Boyd,kboydk5@cnet.com,Female,181.56.215.72
727,Jack,Ramirez,jramirezk6@sphinn.com,Male,43.196.193.51
728,Adam,Watkins,awatkinsk7@umn.edu,Male,118.142.57.197
729,Paul,Marshall,pmarshallk8@hexun.com,Male,188.43.122.110
730,Russell,Moore,rmoorek9@marriott.com,Male,175.214.126.128
731,Rachel,Fox,rfoxka@va.gov,Female,5.232.221.158
732,Jonathan,Palmer,jpalmerkb@mediafire.com,Male,233.48.88.73
733,Brian,Banks,bbankskc@comsenz.com,Male,177.202.101.54
734,Janice,Baker,jbakerkd@ed.gov,Female,170.16.197.172
735,Denise,Alvarez,dalvarezke@statcounter.com,Female,134.81.1.115
736,Charles,Hunt,chuntkf@ocn.ne.jp,Male,163.95.238.215
737,Catherine,Freeman,cfreemankg@wp.com,Female,8.30.21.46
738,Shawn,Nelson,snelsonkh@hud.gov,Male,89.187.252.141
739,Shawn,Richardson,srichardsonki@freewebs.com,Male,244.172.7.246
740,Donald,Cunningham,dcunninghamkj@flavors.me,Male,182.206.233.88
741,Frances,Stephens,fstephenskk@mtv.com,Female,107.224.92.94
742,Timothy,Mcdonald,tmcdonaldkl@samsung.com,Male,75.77.177.69
743,Joyce,Moore,jmoorekm@marriott.com,Female,219.107.145.155
744,Robert,Simmons,rsimmonskn@biblegateway.com,Male,109.35.130.73
745,Richard,Perry,rperryko@wikispaces.com,Male,215.98.22.215
746,Gregory,Parker,gparkerkp@go.com,Male,93.150.214.120
747,Russell,Wagner,rwagnerkq@examiner.com,Male,114.8.27.236
748,Julie,Bryant,jbryantkr@pbs.org,Female,18.226.95.152
749,Philip,Webb,pwebbks@pinterest.com,Male,25.140.144.210
750,Christina,Hayes,chayeskt@spotify.com,Female,52.3.147.59
751,Justin,Scott,jscottku@macromedia.com,Male,65.24.36.49
752,Anthony,Russell,arussellkv@slashdot.org,Male,233.13.68.241
753,Brandon,Stanley,bstanleykw@clickbank.net,Male,5.108.13.109
754,Lisa,Welch,lwelchkx@newsvine.com,Female,182.47.73.218
755,Christopher,Morgan,cmorganky@cnbc.com,Male,100.104.42.35
756,Janet,Wheeler,jwheelerkz@linkedin.com,Female,141.94.135.45
757,Ann,Wright,awrightl0@microsoft.com,Female,166.165.177.147
758,Todd,Reed,treedl1@sakura.ne.jp,Male,242.19.27.134
759,Arthur,Lawson,alawsonl2@hhs.gov,Male,115.74.43.69
760,Jeremy,Myers,jmyersl3@addthis.com,Male,80.138.144.42
761,Anne,Wheeler,awheelerl4@intel.com,Female,7.183.130.90
762,Samuel,Lawson,slawsonl5@hubpages.com,Male,60.223.38.202
763,Lori,Ross,lrossl6@plala.or.jp,Female,253.160.228.95
764,Paul,Griffin,pgriffinl7@123-reg.co.uk,Male,78.132.180.19
765,Janet,Fernandez,jfernandezl8@fema.gov,Female,112.65.76.251
766,Doris,Gonzales,dgonzalesl9@smh.com.au,Female,215.146.222.15
767,Phyllis,Moreno,pmorenola@wordpress.com,Female,96.240.255.170
768,Jeremy,Myers,jmyerslb@google.de,Male,182.227.176.133
769,Diane,Williamson,dwilliamsonlc@mayoclinic.com,Female,182.37.131.177
770,Marie,Taylor,mtaylorld@pinterest.com,Female,125.24.225.173
771,Denise,Hayes,dhayesle@archive.org,Female,40.90.63.112
772,Sara,Brown,sbrownlf@paypal.com,Female,135.57.116.3
773,Jane,Morrison,jmorrisonlg@sciencedirect.com,Female,62.78.150.232
774,William,Arnold,warnoldlh@w3.org,Male,100.255.86.248
775,Joyce,Stone,jstoneli@cornell.edu,Female,43.153.52.12
776,Kathy,Andrews,kandrewslj@elegantthemes.com,Female,247.123.57.175
777,Jerry,Stone,jstonelk@phpbb.com,Male,100.222.238.234
778,Janice,Hunter,jhunterll@ifeng.com,Female,143.81.7.92
779,Henry,Robertson,hrobertsonlm@newsvine.com,Male,239.220.132.188
780,Brandon,Dean,bdeanln@berkeley.edu,Male,92.250.137.13
781,Robin,Knight,rknightlo@va.gov,Female,210.19.235.151
782,Arthur,Gomez,agomezlp@independent.co.uk,Male,87.126.165.77
783,Gerald,Gardner,ggardnerlq@360.cn,Male,233.162.132.36
784,Patrick,Foster,pfosterlr@51.la,Male,243.124.169.181
785,Kenneth,Kelly,kkellyls@github.io,Male,212.91.89.219
786,Joshua,Simpson,jsimpsonlt@t-online.de,Male,70.143.58.195
787,Roy,Banks,rbankslu@mail.ru,Male,200.39.77.145
788,Barbara,Sims,bsimslv@nasa.gov,Female,160.156.189.151
789,Jeffrey,Weaver,jweaverlw@pcworld.com,Male,142.201.156.109
790,Robin,Perkins,rperkinslx@bandcamp.com,Female,1.1.210.167
791,Peter,Mendoza,pmendozaly@amazon.co.jp,Male,250.63.217.158
792,Jerry,Hamilton,jhamiltonlz@arstechnica.com,Male,110.11.33.194
793,Marilyn,Mason,mmasonm0@mozilla.com,Female,58.34.82.56
794,Carl,Little,clittlem1@tmall.com,Male,23.54.23.206
795,Theresa,Wallace,twallacem2@harvard.edu,Female,206.156.219.23
796,Donald,Wallace,dwallacem3@t.co,Male,91.194.146.100
797,Roger,Diaz,rdiazm4@squidoo.com,Male,126.221.228.27
798,Frank,Peterson,fpetersonm5@webnode.com,Male,55.21.119.250
799,Kenneth,Hamilton,khamiltonm6@archive.org,Male,55.121.69.85
800,Sandra,Patterson,spattersonm7@kickstarter.com,Female,93.90.4.0
801,Emily,Lane,elanem8@soundcloud.com,Female,67.94.102.122
802,Jonathan,Martin,jmartinm9@edublogs.org,Male,121.251.154.143
803,Keith,Garza,kgarzama@behance.net,Male,238.207.141.146
804,Julie,Stewart,jstewartmb@archive.org,Female,30.78.122.86
805,Michelle,Montgomery,mmontgomerymc@deviantart.com,Female,96.194.75.34
806,Roy,Mason,rmasonmd@chicagotribune.com,Male,184.165.154.86
807,Deborah,Vasquez,dvasquezme@reuters.com,Female,199.193.174.52
808,Catherine,Ross,crossmf@stanford.edu,Female,38.4.177.68
809,Cynthia,Nguyen,cnguyenmg@tiny.cc,Female,91.86.120.57
810,Phyllis,Clark,pclarkmh@patch.com,Female,111.151.186.144
811,Wayne,Dunn,wdunnmi@pcworld.com,Male,154.121.58.59
812,Sandra,Daniels,sdanielsmj@dmoz.org,Female,69.68.27.191
813,Deborah,Torres,dtorresmk@ucoz.ru,Female,28.123.140.38
814,Nicholas,Evans,nevansml@state.tx.us,Male,41.206.64.204
815,Deborah,Cruz,dcruzmm@4shared.com,Female,79.144.211.110
816,Thomas,Lane,tlanemn@bravesites.com,Male,192.116.62.185
817,Ernest,Young,eyoungmo@webeden.co.uk,Male,166.27.63.164
818,Juan,Parker,jparkermp@ameblo.jp,Male,129.96.212.72
819,Paula,Walker,pwalkermq@reuters.com,Female,31.93.203.151
820,Dorothy,Jacobs,djacobsmr@independent.co.uk,Female,136.227.247.61
821,Carol,Miller,cmillerms@china.com.cn,Female,181.117.231.224
822,Todd,Simpson,tsimpsonmt@cbslocal.com,Male,173.110.171.143
823,Lisa,Robertson,lrobertsonmu@jimdo.com,Female,103.85.195.1
824,Jack,Chavez,jchavezmv@wiley.com,Male,128.84.79.217
825,Philip,Barnes,pbarnesmw@bravesites.com,Male,215.74.130.161
826,Douglas,Fowler,dfowlermx@state.tx.us,Male,60.238.182.34
827,Harry,Butler,hbutlermy@canalblog.com,Male,48.208.201.116
828,Daniel,Watson,dwatsonmz@posterous.com,Male,11.164.193.124
829,Albert,Lopez,alopezn0@tripadvisor.com,Male,219.79.239.114
830,Todd,Perry,tperryn1@amazon.de,Male,140.243.55.196
831,Todd,Clark,tclarkn2@redcross.org,Male,236.202.79.202
832,Bruce,Henderson,bhendersonn3@booking.com,Male,162.13.242.173
833,Carl,Ross,crossn4@tamu.edu,Male,19.248.177.69
834,Keith,Bishop,kbishopn5@scientificamerican.com,Male,205.168.234.208
835,Barbara,Green,bgreenn6@admin.ch,Female,215.163.141.244
836,Carol,Garrett,cgarrettn7@google.it,Female,248.201.34.191
837,Sharon,Edwards,sedwardsn8@bbb.org,Female,88.26.63.221
838,Joan,Lynch,jlynchn9@home.pl,Female,152.61.105.238
839,Kathleen,Duncan,kduncanna@upenn.edu,Female,113.242.78.247
840,Sean,Gonzales,sgonzalesnb@biglobe.ne.jp,Male,236.145.68.177
841,Marilyn,Mccoy,mmccoync@simplemachines.org,Female,170.224.98.38
842,David,Powell,dpowellnd@theguardian.com,Male,84.11.13.141
843,Emily,Richardson,erichardsonne@blog.com,Female,185.113.173.173
844,Anthony,Larson,alarsonnf@engadget.com,Male,232.1.109.14
845,Nicholas,Carr,ncarrng@wp.com,Male,44.221.106.167
846,Johnny,Crawford,jcrawfordnh@mysql.com,Male,119.137.19.32
847,Eugene,Cook,ecookni@printfriendly.com,Male,254.137.47.249
848,Antonio,Stephens,astephensnj@seattletimes.com,Male,213.172.243.159
849,Shawn,Perkins,sperkinsnk@google.cn,Male,232.231.9.192
850,Jack,Thompson,jthompsonnl@auda.org.au,Male,154.110.197.20
851,Dennis,Dixon,ddixonnm@soup.io,Male,58.207.23.164
852,Katherine,Long,klongnn@lycos.com,Female,114.191.213.89
853,Rebecca,Flores,rfloresno@redcross.org,Female,34.102.123.152
854,Amy,Griffin,agriffinnp@youtu.be,Female,10.159.182.151
855,Ruth,Stevens,rstevensnq@mysql.com,Female,74.105.184.81
856,Anna,Vasquez,avasqueznr@sogou.com,Female,8.151.30.158
857,Terry,Bailey,tbaileyns@nyu.edu,Male,162.228.117.188
858,Louise,Cunningham,lcunninghamnt@slashdot.org,Female,8.91.70.209
859,Jesse,Young,jyoungnu@facebook.com,Male,25.65.191.23
860,Helen,Alexander,halexandernv@google.com.hk,Female,105.129.54.225
861,Victor,Morrison,vmorrisonnw@smh.com.au,Male,220.15.136.20
862,Martin,Hawkins,mhawkinsnx@elegantthemes.com,Male,149.94.81.160
863,Anne,Dean,adeanny@yahoo.co.jp,Female,251.180.115.71
864,Raymond,Gordon,rgordonnz@deliciousdays.com,Male,214.148.149.80
865,Andrea,Sanchez,asanchezo0@alexa.com,Female,26.98.252.249
866,Ralph,Garrett,rgarretto1@blogger.com,Male,80.73.73.97
867,Eugene,Crawford,ecrawfordo2@over-blog.com,Male,200.189.177.44
868,Sarah,Harris,sharriso3@yale.edu,Female,151.198.188.48
869,Sara,King,skingo4@smugmug.com,Female,168.203.60.192
870,Donald,Lane,dlaneo5@auda.org.au,Male,29.229.144.29
871,Tina,Black,tblacko6@e-recht24.de,Female,103.232.212.53
872,Billy,Howard,bhowardo7@cnn.com,Male,35.62.2.32
873,Patrick,Washington,pwashingtono8@sitemeter.com,Male,82.106.209.55
874,Diane,Peters,dpeterso9@wunderground.com,Female,219.181.182.97
875,Judy,Morales,jmoralesoa@bloglovin.com,Female,168.184.95.68
876,Maria,Garcia,mgarciaob@upenn.edu,Female,100.12.59.91
877,Jean,Weaver,jweaveroc@economist.com,Female,211.205.181.133
878,Adam,Lopez,alopezod@latimes.com,Male,85.194.147.16
879,Christine,Ray,crayoe@ebay.co.uk,Female,35.74.158.86
880,Jennifer,Coleman,jcolemanof@google.cn,Female,60.4.11.115
881,Jacqueline,Peterson,jpetersonog@weather.com,Female,42.30.234.155
882,Julie,Wilson,jwilsonoh@java.com,Female,54.246.214.138
883,Ruth,Gray,rgrayoi@bloglovin.com,Female,117.72.77.254
884,Timothy,Simpson,tsimpsonoj@mayoclinic.com,Male,213.169.129.86
885,Nicholas,Ross,nrossok@usnews.com,Male,228.221.103.226
886,Teresa,Richardson,trichardsonol@foxnews.com,Female,199.90.95.206
887,Antonio,Perkins,aperkinsom@netvibes.com,Male,95.137.93.247
888,Bruce,Robertson,brobertsonon@arstechnica.com,Male,3.14.182.83
889,Anthony,Rogers,arogersoo@arstechnica.com,Male,252.220.112.104
890,Wanda,Gray,wgrayop@mediafire.com,Female,9.115.96.210
891,Anthony,Lynch,alynchoq@addtoany.com,Male,107.238.120.64
892,Catherine,Elliott,celliottor@csmonitor.com,Female,59.207.89.34
893,Anthony,Fisher,afisheros@mozilla.com,Male,95.85.94.253
894,Matthew,Romero,mromeroot@narod.ru,Male,167.146.179.12
895,Gloria,Gray,ggrayou@comsenz.com,Female,13.135.188.196
896,Martha,Dean,mdeanov@unc.edu,Female,124.57.71.217
897,Gregory,Fernandez,gfernandezow@moonfruit.com,Male,34.76.109.138
898,Kathleen,Chapman,kchapmanox@miibeian.gov.cn,Female,252.34.52.207
899,Lawrence,Harris,lharrisoy@mit.edu,Male,160.113.40.56
900,Charles,Roberts,crobertsoz@senate.gov,Male,158.24.121.16
901,Ruth,Graham,rgrahamp0@who.int,Female,68.190.206.135
902,Gerald,Ward,gwardp1@blogtalkradio.com,Male,224.8.70.57
903,Karen,Wilson,kwilsonp2@miitbeian.gov.cn,Female,199.247.236.32
904,Jennifer,Long,jlongp3@myspace.com,Female,140.192.193.253
905,Patrick,Moore,pmoorep4@1und1.de,Male,216.227.153.3
906,Lawrence,Taylor,ltaylorp5@goo.gl,Male,198.214.21.171
907,Norma,Perkins,nperkinsp6@elegantthemes.com,Female,226.110.236.189
908,Carolyn,Harrison,charrisonp7@ameblo.jp,Female,212.31.195.75
909,Christine,Weaver,cweaverp8@vistaprint.com,Female,30.70.3.244
910,Jonathan,Hall,jhallp9@utexas.edu,Male,77.113.136.197
911,Amy,Burke,aburkepa@geocities.jp,Female,71.207.17.229
912,Frances,Myers,fmyerspb@jalbum.net,Female,210.45.255.50
913,Lisa,Ward,lwardpc@techcrunch.com,Female,113.108.176.179
914,Kenneth,Elliott,kelliottpd@123-reg.co.uk,Male,45.99.158.116
915,Patricia,Ortiz,portizpe@addthis.com,Female,227.166.150.122
916,Ralph,Elliott,relliottpf@mail.ru,Male,150.167.19.40
917,Carlos,Jacobs,cjacobspg@cmu.edu,Male,52.37.24.113
918,Tammy,Stone,tstoneph@pcworld.com,Female,145.37.226.204
919,Carolyn,Gray,cgraypi@sakura.ne.jp,Female,113.206.197.164
920,Linda,Gardner,lgardnerpj@bloomberg.com,Female,126.248.156.87
921,Louise,Hansen,lhansenpk@multiply.com,Female,105.227.136.123
922,Russell,Reynolds,rreynoldspl@geocities.jp,Male,4.171.43.32
923,Annie,Henry,ahenrypm@photobucket.com,Female,168.206.58.232
924,Rebecca,Jackson,rjacksonpn@typepad.com,Female,200.113.220.29
925,Linda,Peters,lpeterspo@army.mil,Female,36.25.55.236
926,Karen,Reyes,kreyespp@1688.com,Female,123.16.52.123
927,Eugene,Porter,eporterpq@example.com,Male,154.118.201.207
928,Brandon,Jacobs,bjacobspr@geocities.jp,Male,136.99.170.47
929,Cynthia,Bell,cbellps@1und1.de,Female,194.161.218.249
930,Helen,Wheeler,hwheelerpt@mozilla.org,Female,196.36.153.47
931,Thomas,Carroll,tcarrollpu@networksolutions.com,Male,25.245.77.47
932,Julia,Perez,jperezpv@eventbrite.com,Female,159.168.6.141
933,Louise,Montgomery,lmontgomerypw@angelfire.com,Female,23.48.205.22
934,Ann,Boyd,aboydpx@rediff.com,Female,251.221.198.137
935,Chris,Gonzales,cgonzalespy@ustream.tv,Male,82.20.46.140
936,Lisa,Carr,lcarrpz@mysql.com,Female,29.24.56.174
937,Jeffrey,Palmer,jpalmerq0@quantcast.com,Male,196.254.187.178
938,Brandon,Gibson,bgibsonq1@accuweather.com,Male,29.55.200.117
939,Carol,Berry,cberryq2@eventbrite.com,Female,32.64.83.154
940,Harold,Patterson,hpattersonq3@addthis.com,Male,52.97.205.139
941,Debra,Garza,dgarzaq4@surveymonkey.com,Female,3.64.239.123
942,Sarah,Johnston,sjohnstonq5@chronoengine.com,Female,242.76.103.7
943,Clarence,Flores,cfloresq6@mapquest.com,Male,84.180.114.233
944,Randy,Cunningham,rcunninghamq7@photobucket.com,Male,87.160.64.249
945,Linda,Long,llongq8@globo.com,Female,137.56.24.122
946,Raymond,Chavez,rchavezq9@cdbaby.com,Male,79.208.212.77
947,Richard,Hicks,rhicksqa@yandex.ru,Male,220.196.201.101
948,Cheryl,James,cjamesqb@topsy.com,Female,178.204.216.134
949,Heather,Lee,hleeqc@edublogs.org,Female,84.126.57.185
950,Shirley,Hart,shartqd@vk.com,Female,233.164.99.172
951,Jeffrey,Larson,jlarsonqe@comcast.net,Male,152.57.88.126
952,Ruth,Johnson,rjohnsonqf@so-net.ne.jp,Female,212.116.101.190
953,Louis,Baker,lbakerqg@gnu.org,Male,30.155.224.193
954,Fred,Burke,fburkeqh@dedecms.com,Male,25.112.6.210
955,Barbara,Wright,bwrightqi@latimes.com,Female,61.151.202.133
956,Rachel,Warren,rwarrenqj@google.it,Female,43.189.200.93
957,Jose,Mcdonald,jmcdonaldqk@canalblog.com,Male,55.181.184.184
958,Howard,Austin,haustinql@is.gd,Male,212.229.177.74
959,Theresa,Mills,tmillsqm@biglobe.ne.jp,Female,139.74.68.5
960,Rebecca,Phillips,rphillipsqn@alibaba.com,Female,203.25.11.172
961,Jeremy,Sims,jsimsqo@alibaba.com,Male,146.0.96.253
962,Nancy,Cruz,ncruzqp@redcross.org,Female,179.100.67.240
963,Deborah,Ross,drossqq@ebay.co.uk,Female,238.253.3.64
964,Jonathan,Lane,jlaneqr@sourceforge.net,Male,75.142.171.250
965,Jessica,Gonzalez,jgonzalezqs@ameblo.jp,Female,107.47.24.32
966,Jeremy,Moore,jmooreqt@mapquest.com,Male,67.115.237.202
967,Kimberly,Dean,kdeanqu@macromedia.com,Female,253.35.224.16
968,Ashley,Banks,abanksqv@businesswire.com,Female,22.52.130.45
969,Martha,Kelley,mkelleyqw@163.com,Female,81.254.242.18
970,Bobby,Lopez,blopezqx@addtoany.com,Male,133.89.63.253
971,Jerry,Kennedy,jkennedyqy@prlog.org,Male,181.12.10.35
972,Benjamin,Hall,bhallqz@time.com,Male,167.101.157.253
973,Maria,Ruiz,mruizr0@google.pl,Female,162.107.55.12
974,Justin,Thomas,jthomasr1@google.com.hk,Male,169.97.31.152
975,Ruby,Palmer,rpalmerr2@behance.net,Female,85.110.65.12
976,Walter,Hudson,whudsonr3@hp.com,Male,96.177.70.191
977,Anne,Ford,afordr4@digg.com,Female,174.197.242.196
978,Irene,Dunn,idunnr5@youtube.com,Female,240.149.92.115
979,Ryan,Bowman,rbowmanr6@bigcartel.com,Male,147.235.134.243
980,George,Washington,gwashingtonr7@psu.edu,Male,41.153.183.56
981,Martha,Day,mdayr8@ucla.edu,Female,122.36.70.56
982,Sean,Richards,srichardsr9@trellian.com,Male,123.92.130.0
983,Rebecca,Andrews,randrewsra@mapquest.com,Female,127.4.198.212
984,Louis,Edwards,ledwardsrb@biblegateway.com,Male,199.97.73.217
985,Sean,Kelley,skelleyrc@tinypic.com,Male,28.105.40.107
986,Wayne,Patterson,wpattersonrd@shareasale.com,Male,26.167.182.131
987,Jerry,Carroll,jcarrollre@desdev.cn,Male,101.67.89.40
988,Phillip,Webb,pwebbrf@china.com.cn,Male,214.20.141.125
989,Anthony,Turner,aturnerrg@businessinsider.com,Male,66.139.178.204
990,Nicholas,Baker,nbakerrh@jiathis.com,Male,150.161.171.179
991,Craig,Mcdonald,cmcdonaldri@wikia.com,Male,54.98.236.169
992,Paula,Murray,pmurrayrj@irs.gov,Female,28.121.69.248
993,Laura,Johnson,ljohnsonrk@earthlink.net,Female,86.46.70.110
994,Ruby,Sims,rsimsrl@pagesperso-orange.fr,Female,48.45.58.9
995,Margaret,Woods,mwoodsrm@ycombinator.com,Female,205.94.225.239
996,Antonio,Jacobs,ajacobsrn@barnesandnoble.com,Male,15.175.142.206
997,William,Hudson,whudsonro@time.com,Male,138.54.60.186
998,Arthur,Murphy,amurphyrp@pen.io,Male,165.51.228.146
999,Kenneth,Nelson,knelsonrq@eventbrite.com,Male,61.25.18.145
1000,Mary,Willis,mwillisrr@ebay.com,Female,78.195.15.149
